"","Year","Period","State","State.ANSI","temp1b","temp2","temp3","temp4","temp22","temp42","Value"
"1",2022,"MARKETING YEAR","CALIFORNIA",6,"PRICE RECEIVED"," MEASURED IN $ / CWT",NA,NA,"TOTAL","NOT SPECIFIED","108"
"2",2022,"MARKETING YEAR","FLORIDA",12,"PRICE RECEIVED"," MEASURED IN $ / CWT",NA,NA,"TOTAL","NOT SPECIFIED","169"
"3",2022,"MARKETING YEAR","OTHER STATES",NA,"PRICE RECEIVED"," MEASURED IN $ / CWT",NA,NA,"TOTAL","NOT SPECIFIED","0"
"4",2022,"MARKETING YEAR","OTHER STATES",NA,NA," FRESH MARKET - PRICE RECEIVED"," MEASURED IN $ / CWT",NA,"TOTAL","NOT SPECIFIED","135"
"5",2022,"MARKETING YEAR","OTHER STATES",NA,NA," PROCESSING - PRICE RECEIVED"," MEASURED IN $ / CWT",NA,"TOTAL","NOT SPECIFIED","27.1"
"6",2022,"YEAR","CALIFORNIA",6,"PRODUCTION"," MEASURED IN $",NA,NA,"TOTAL","NOT SPECIFIED","2,684,770,000"
"7",2022,"YEAR","CALIFORNIA",6,"PRODUCTION"," MEASURED IN CWT",NA,NA,"TOTAL","NOT SPECIFIED","24,800,000"
"8",2022,"YEAR","CALIFORNIA",6,NA," NOT SOLD - PRODUCTION"," MEASURED IN CWT",NA,"TOTAL","NOT SPECIFIED","20,000"
"9",2022,"YEAR","CALIFORNIA",6,NA," UTILIZED - PRODUCTION"," MEASURED IN CWT",NA,"TOTAL","NOT SPECIFIED","24,780,000"
"10",2022,"YEAR","FLORIDA",12,"PRODUCTION"," MEASURED IN $",NA,NA,"TOTAL","NOT SPECIFIED","511,300,000"
"11",2022,"YEAR","FLORIDA",12,"PRODUCTION"," MEASURED IN CWT",NA,NA,"TOTAL","NOT SPECIFIED","3,020,000"
"12",2022,"YEAR","FLORIDA",12,NA," NOT SOLD - PRODUCTION"," MEASURED IN CWT",NA,"TOTAL","NOT SPECIFIED","0"
"13",2022,"YEAR","FLORIDA",12,NA," UTILIZED - PRODUCTION"," MEASURED IN CWT",NA,"TOTAL","NOT SPECIFIED","3,020,000"
"14",2022,"YEAR","OTHER STATES",NA,"PRODUCTION"," MEASURED IN $",NA,NA,"TOTAL","NOT SPECIFIED","0"
"15",2022,"YEAR","OTHER STATES",NA,"PRODUCTION"," MEASURED IN CWT",NA,NA,"TOTAL","NOT SPECIFIED","0"
"16",2022,"YEAR","OTHER STATES",NA,NA," FRESH MARKET - PRODUCTION"," MEASURED IN $",NA,"TOTAL","NOT SPECIFIED","3,054,100,000"
"17",2022,"YEAR","OTHER STATES",NA,NA," FRESH MARKET"," UTILIZED - PRODUCTION"," MEASURED IN CWT","TOTAL","NOT SPECIFIED","22,570,000"
"18",2022,"YEAR","OTHER STATES",NA,NA," NOT SOLD - PRODUCTION"," MEASURED IN CWT",NA,"TOTAL","NOT SPECIFIED","0"
"19",2022,"YEAR","OTHER STATES",NA,NA," PROCESSING - PRODUCTION"," MEASURED IN $",NA,"TOTAL","NOT SPECIFIED","141,970,000"
"20",2022,"YEAR","OTHER STATES",NA,NA," PROCESSING"," UTILIZED - PRODUCTION"," MEASURED IN CWT","TOTAL","NOT SPECIFIED","5,230,000"
"21",2022,"YEAR","OTHER STATES",NA,NA," UTILIZED - PRODUCTION"," MEASURED IN CWT",NA,"TOTAL","NOT SPECIFIED","0"
"22",2021,"MARKETING YEAR","CALIFORNIA",6,"PRICE RECEIVED"," MEASURED IN $ / CWT",NA,NA,"TOTAL","NOT SPECIFIED","125"
"23",2021,"MARKETING YEAR","FLORIDA",12,"PRICE RECEIVED"," MEASURED IN $ / CWT",NA,NA,"TOTAL","NOT SPECIFIED","160"
"24",2021,"MARKETING YEAR","OTHER STATES",NA,"PRICE RECEIVED"," MEASURED IN $ / CWT",NA,NA,"TOTAL","NOT SPECIFIED","0"
"25",2021,"MARKETING YEAR","OTHER STATES",NA,NA," FRESH MARKET - PRICE RECEIVED"," MEASURED IN $ / CWT",NA,"TOTAL","NOT SPECIFIED","143"
"26",2021,"MARKETING YEAR","OTHER STATES",NA,NA," PROCESSING - PRICE RECEIVED"," MEASURED IN $ / CWT",NA,"TOTAL","NOT SPECIFIED","64"
"27",2021,"YEAR","CALIFORNIA",6,"PRODUCTION"," MEASURED IN $",NA,NA,"TOTAL","NOT SPECIFIED","3,020,410,000"
"28",2021,"YEAR","CALIFORNIA",6,"PRODUCTION"," MEASURED IN CWT",NA,NA,"TOTAL","NOT SPECIFIED","24,200,000"
"29",2021,"YEAR","CALIFORNIA",6,"PRODUCTION"," MEASURED IN TONS",NA,NA,"TOTAL","NOT SPECIFIED","1,210,000"
"30",2021,"YEAR","CALIFORNIA",6,NA," NOT SOLD - PRODUCTION"," MEASURED IN CWT",NA,"TOTAL","NOT SPECIFIED","70,000"
"31",2021,"YEAR","CALIFORNIA",6,NA," UTILIZED - PRODUCTION"," MEASURED IN CWT",NA,"TOTAL","NOT SPECIFIED","24,130,000"
"32",2021,"YEAR","CALIFORNIA",6,NA," UTILIZED - PRODUCTION"," MEASURED IN TONS",NA,"TOTAL","NOT SPECIFIED","1,207,500"
"33",2021,"YEAR","FLORIDA",12,"PRODUCTION"," MEASURED IN $",NA,NA,"TOTAL","NOT SPECIFIED","399,010,000"
"34",2021,"YEAR","FLORIDA",12,"PRODUCTION"," MEASURED IN CWT",NA,NA,"TOTAL","NOT SPECIFIED","2,500,000"
"35",2021,"YEAR","FLORIDA",12,"PRODUCTION"," MEASURED IN TONS",NA,NA,"TOTAL","NOT SPECIFIED","125,000"
"36",2021,"YEAR","FLORIDA",12,NA," NOT SOLD - PRODUCTION"," MEASURED IN CWT",NA,"TOTAL","NOT SPECIFIED","0"
"37",2021,"YEAR","FLORIDA",12,NA," UTILIZED - PRODUCTION"," MEASURED IN CWT",NA,"TOTAL","NOT SPECIFIED","2,500,000"
"38",2021,"YEAR","FLORIDA",12,NA," UTILIZED - PRODUCTION"," MEASURED IN TONS",NA,"TOTAL","NOT SPECIFIED","125,000"
"39",2021,"YEAR","OTHER STATES",NA,"PRODUCTION"," MEASURED IN $",NA,NA,"TOTAL","NOT SPECIFIED","0"
"40",2021,"YEAR","OTHER STATES",NA,"PRODUCTION"," MEASURED IN CWT",NA,NA,"TOTAL","NOT SPECIFIED","0"
"41",2021,"YEAR","OTHER STATES",NA,"PRODUCTION"," MEASURED IN TONS",NA,NA,"TOTAL","NOT SPECIFIED","0"
"42",2021,"YEAR","OTHER STATES",NA,NA," FRESH MARKET - PRODUCTION"," MEASURED IN $",NA,"TOTAL","NOT SPECIFIED","3,101,370,000"
"43",2021,"YEAR","OTHER STATES",NA,NA," FRESH MARKET"," UTILIZED - PRODUCTION"," MEASURED IN CWT","TOTAL","NOT SPECIFIED","21,660,000"
"44",2021,"YEAR","OTHER STATES",NA,NA," NOT SOLD - PRODUCTION"," MEASURED IN CWT",NA,"TOTAL","NOT SPECIFIED","0"
"45",2021,"YEAR","OTHER STATES",NA,NA," PROCESSING - PRODUCTION"," MEASURED IN $",NA,"TOTAL","NOT SPECIFIED","318,050,000"
"46",2021,"YEAR","OTHER STATES",NA,NA," PROCESSING"," UTILIZED - PRODUCTION"," MEASURED IN CWT","TOTAL","NOT SPECIFIED","4,970,000"
"47",2021,"YEAR","OTHER STATES",NA,NA," UTILIZED - PRODUCTION"," MEASURED IN CWT",NA,"TOTAL","NOT SPECIFIED","0"
"48",2021,"YEAR","OTHER STATES",NA,NA," UTILIZED - PRODUCTION"," MEASURED IN TONS",NA,"TOTAL","NOT SPECIFIED","0"
"49",2020,"MARKETING YEAR","CALIFORNIA",6,"PRICE RECEIVED"," MEASURED IN $ / CWT",NA,NA,"TOTAL","NOT SPECIFIED","93.1"
"50",2020,"MARKETING YEAR","FLORIDA",12,"PRICE RECEIVED"," MEASURED IN $ / CWT",NA,NA,"TOTAL","NOT SPECIFIED","139"
"51",2020,"MARKETING YEAR","OTHER STATES",NA,"PRICE RECEIVED"," MEASURED IN $ / CWT",NA,NA,"TOTAL","NOT SPECIFIED","0"
"52",2020,"MARKETING YEAR","OTHER STATES",NA,NA," FRESH MARKET - PRICE RECEIVED"," MEASURED IN $ / CWT",NA,"TOTAL","NOT SPECIFIED","111"
"53",2020,"MARKETING YEAR","OTHER STATES",NA,NA," PROCESSING - PRICE RECEIVED"," MEASURED IN $ / CWT",NA,"TOTAL","NOT SPECIFIED","38.1"
"54",2020,"YEAR","CALIFORNIA",6,"PRODUCTION"," MEASURED IN $",NA,NA,"TOTAL","NOT SPECIFIED","2,211,430,000"
"55",2020,"YEAR","CALIFORNIA",6,"PRODUCTION"," MEASURED IN CWT",NA,NA,"TOTAL","NOT SPECIFIED","23,800,000"
"56",2020,"YEAR","CALIFORNIA",6,"PRODUCTION"," MEASURED IN TONS",NA,NA,"TOTAL","NOT SPECIFIED","1,190,000"
"57",2020,"YEAR","CALIFORNIA",6,NA," NOT SOLD - PRODUCTION"," MEASURED IN CWT",NA,"TOTAL","NOT SPECIFIED","50,000"
"58",2020,"YEAR","CALIFORNIA",6,NA," UTILIZED - PRODUCTION"," MEASURED IN CWT",NA,"TOTAL","NOT SPECIFIED","23,750,000"
"59",2020,"YEAR","CALIFORNIA",6,NA," UTILIZED - PRODUCTION"," MEASURED IN TONS",NA,"TOTAL","NOT SPECIFIED","1,187,500"
"60",2020,"YEAR","FLORIDA",12,"PRODUCTION"," MEASURED IN $",NA,NA,"TOTAL","NOT SPECIFIED","397,790,000"
"61",2020,"YEAR","FLORIDA",12,"PRODUCTION"," MEASURED IN CWT",NA,NA,"TOTAL","NOT SPECIFIED","2,870,000"
"62",2020,"YEAR","FLORIDA",12,"PRODUCTION"," MEASURED IN TONS",NA,NA,"TOTAL","NOT SPECIFIED","143,500"
"63",2020,"YEAR","FLORIDA",12,NA," NOT SOLD - PRODUCTION"," MEASURED IN CWT",NA,"TOTAL","NOT SPECIFIED","10,000"
"64",2020,"YEAR","FLORIDA",12,NA," UTILIZED - PRODUCTION"," MEASURED IN CWT",NA,"TOTAL","NOT SPECIFIED","2,860,000"
"65",2020,"YEAR","FLORIDA",12,NA," UTILIZED - PRODUCTION"," MEASURED IN TONS",NA,"TOTAL","NOT SPECIFIED","143,000"
"66",2020,"YEAR","OTHER STATES",NA,"PRODUCTION"," MEASURED IN $",NA,NA,"TOTAL","NOT SPECIFIED","0"
"67",2020,"YEAR","OTHER STATES",NA,"PRODUCTION"," MEASURED IN CWT",NA,NA,"TOTAL","NOT SPECIFIED","0"
"68",2020,"YEAR","OTHER STATES",NA,"PRODUCTION"," MEASURED IN TONS",NA,NA,"TOTAL","NOT SPECIFIED","0"
"69",2020,"YEAR","OTHER STATES",NA,NA," FRESH MARKET - PRODUCTION"," MEASURED IN $",NA,"TOTAL","NOT SPECIFIED","2,425,990,000"
"70",2020,"YEAR","OTHER STATES",NA,NA," FRESH MARKET"," UTILIZED - PRODUCTION"," MEASURED IN CWT","TOTAL","NOT SPECIFIED","21,800,000"
"71",2020,"YEAR","OTHER STATES",NA,NA," NOT SOLD - PRODUCTION"," MEASURED IN CWT",NA,"TOTAL","NOT SPECIFIED","0"
"72",2020,"YEAR","OTHER STATES",NA,NA," PROCESSING - PRODUCTION"," MEASURED IN $",NA,"TOTAL","NOT SPECIFIED","183,230,000"
"73",2020,"YEAR","OTHER STATES",NA,NA," PROCESSING"," UTILIZED - PRODUCTION"," MEASURED IN CWT","TOTAL","NOT SPECIFIED","4,810,000"
"74",2020,"YEAR","OTHER STATES",NA,NA," UTILIZED - PRODUCTION"," MEASURED IN CWT",NA,"TOTAL","NOT SPECIFIED","0"
"75",2020,"YEAR","OTHER STATES",NA,NA," UTILIZED - PRODUCTION"," MEASURED IN TONS",NA,"TOTAL","NOT SPECIFIED","0"
"76",2019,"MARKETING YEAR","CALIFORNIA",6,"PRICE RECEIVED"," MEASURED IN $ / CWT",NA,NA,"TOTAL","NOT SPECIFIED","110"
"77",2019,"MARKETING YEAR","FLORIDA",12,"PRICE RECEIVED"," MEASURED IN $ / CWT",NA,NA,"TOTAL","NOT SPECIFIED","152"
"78",2019,"MARKETING YEAR","OTHER STATES",NA,NA," FRESH MARKET - PRICE RECEIVED"," MEASURED IN $ / CWT",NA,"TOTAL","NOT SPECIFIED","129"
"79",2019,"MARKETING YEAR","OTHER STATES",NA,NA," PROCESSING - PRICE RECEIVED"," MEASURED IN $ / CWT",NA,"TOTAL","NOT SPECIFIED","52.8"
"80",2019,"YEAR","CALIFORNIA",6,"PRODUCTION"," MEASURED IN $",NA,NA,"TOTAL","NOT SPECIFIED","2,286,330,000"
"81",2019,"YEAR","CALIFORNIA",6,"PRODUCTION"," MEASURED IN CWT",NA,NA,"TOTAL","NOT SPECIFIED","20,800,000"
"82",2019,"YEAR","CALIFORNIA",6,NA," BEARING - APPLICATIONS"," MEASURED IN LB",NA,"FERTILIZER","FERTILIZER: (NITROGEN)","668,000"
"83",2019,"YEAR","CALIFORNIA",6,NA," BEARING - APPLICATIONS"," MEASURED IN LB",NA,"FERTILIZER","FERTILIZER: (PHOSPHATE)","493,000"
"84",2019,"YEAR","CALIFORNIA",6,NA," BEARING - APPLICATIONS"," MEASURED IN LB",NA,"FERTILIZER","FERTILIZER: (POTASH)","430,000"
"85",2019,"YEAR","CALIFORNIA",6,NA," BEARING - APPLICATIONS"," MEASURED IN LB",NA,"FERTILIZER","FERTILIZER: (SULFUR)","57,000"
"86",2019,"YEAR","CALIFORNIA",6,NA," BEARING - APPLICATIONS"," MEASURED IN LB / ACRE / APPLICATION"," AVG","FERTILIZER","FERTILIZER: (NITROGEN)","6"
"87",2019,"YEAR","CALIFORNIA",6,NA," BEARING - APPLICATIONS"," MEASURED IN LB / ACRE / APPLICATION"," AVG","FERTILIZER","FERTILIZER: (PHOSPHATE)","8"
"88",2019,"YEAR","CALIFORNIA",6,NA," BEARING - APPLICATIONS"," MEASURED IN LB / ACRE / APPLICATION"," AVG","FERTILIZER","FERTILIZER: (POTASH)","5"
"89",2019,"YEAR","CALIFORNIA",6,NA," BEARING - APPLICATIONS"," MEASURED IN LB / ACRE / APPLICATION"," AVG","FERTILIZER","FERTILIZER: (SULFUR)","2"
"90",2019,"YEAR","CALIFORNIA",6,NA," BEARING - APPLICATIONS"," MEASURED IN LB / ACRE / YEAR"," AVG","FERTILIZER","FERTILIZER: (NITROGEN)","58"
"91",2019,"YEAR","CALIFORNIA",6,NA," BEARING - APPLICATIONS"," MEASURED IN LB / ACRE / YEAR"," AVG","FERTILIZER","FERTILIZER: (PHOSPHATE)","86"
"92",2019,"YEAR","CALIFORNIA",6,NA," BEARING - APPLICATIONS"," MEASURED IN LB / ACRE / YEAR"," AVG","FERTILIZER","FERTILIZER: (POTASH)","75"
"93",2019,"YEAR","CALIFORNIA",6,NA," BEARING - APPLICATIONS"," MEASURED IN LB / ACRE / YEAR"," AVG","FERTILIZER","FERTILIZER: (SULFUR)","16"
"94",2019,"YEAR","CALIFORNIA",6,NA," BEARING - APPLICATIONS"," MEASURED IN NUMBER"," AVG","FERTILIZER","FERTILIZER: (NITROGEN)","9.9"
"95",2019,"YEAR","CALIFORNIA",6,NA," BEARING - APPLICATIONS"," MEASURED IN NUMBER"," AVG","FERTILIZER","FERTILIZER: (PHOSPHATE)","11.3"
"96",2019,"YEAR","CALIFORNIA",6,NA," BEARING - APPLICATIONS"," MEASURED IN NUMBER"," AVG","FERTILIZER","FERTILIZER: (POTASH)","14.3"
"97",2019,"YEAR","CALIFORNIA",6,NA," BEARING - APPLICATIONS"," MEASURED IN NUMBER"," AVG","FERTILIZER","FERTILIZER: (SULFUR)","8.2"
"98",2019,"YEAR","CALIFORNIA",6,NA," NOT SOLD - PRODUCTION"," MEASURED IN CWT",NA,"TOTAL","NOT SPECIFIED","30,000"
"99",2019,"YEAR","CALIFORNIA",6,NA," UTILIZED - PRODUCTION"," MEASURED IN CWT",NA,"TOTAL","NOT SPECIFIED","20,770,000"
"100",2019,"YEAR","FLORIDA",12,"PRODUCTION"," MEASURED IN $",NA,NA,"TOTAL","NOT SPECIFIED","307,200,000"
"101",2019,"YEAR","FLORIDA",12,"PRODUCTION"," MEASURED IN CWT",NA,NA,"TOTAL","NOT SPECIFIED","2,020,000"
"102",2019,"YEAR","FLORIDA",12,NA," BEARING - APPLICATIONS"," MEASURED IN LB",NA,"FERTILIZER","FERTILIZER: (NITROGEN)","320,000"
"103",2019,"YEAR","FLORIDA",12,NA," BEARING - APPLICATIONS"," MEASURED IN LB",NA,"FERTILIZER","FERTILIZER: (PHOSPHATE)","86,000"
"104",2019,"YEAR","FLORIDA",12,NA," BEARING - APPLICATIONS"," MEASURED IN LB",NA,"FERTILIZER","FERTILIZER: (POTASH)","389,000"
"105",2019,"YEAR","FLORIDA",12,NA," BEARING - APPLICATIONS"," MEASURED IN LB / ACRE / APPLICATION"," AVG","FERTILIZER","FERTILIZER: (NITROGEN)","1"
"106",2019,"YEAR","FLORIDA",12,NA," BEARING - APPLICATIONS"," MEASURED IN LB / ACRE / APPLICATION"," AVG","FERTILIZER","FERTILIZER: (PHOSPHATE)","1"
"107",2019,"YEAR","FLORIDA",12,NA," BEARING - APPLICATIONS"," MEASURED IN LB / ACRE / APPLICATION"," AVG","FERTILIZER","FERTILIZER: (POTASH)","2"
"108",2019,"YEAR","FLORIDA",12,NA," BEARING - APPLICATIONS"," MEASURED IN LB / ACRE / YEAR"," AVG","FERTILIZER","FERTILIZER: (NITROGEN)","39"
"109",2019,"YEAR","FLORIDA",12,NA," BEARING - APPLICATIONS"," MEASURED IN LB / ACRE / YEAR"," AVG","FERTILIZER","FERTILIZER: (PHOSPHATE)","17"
"110",2019,"YEAR","FLORIDA",12,NA," BEARING - APPLICATIONS"," MEASURED IN LB / ACRE / YEAR"," AVG","FERTILIZER","FERTILIZER: (POTASH)","43"
"111",2019,"YEAR","FLORIDA",12,NA," BEARING - APPLICATIONS"," MEASURED IN NUMBER"," AVG","FERTILIZER","FERTILIZER: (NITROGEN)","28.7"
"112",2019,"YEAR","FLORIDA",12,NA," BEARING - APPLICATIONS"," MEASURED IN NUMBER"," AVG","FERTILIZER","FERTILIZER: (PHOSPHATE)","18.6"
"113",2019,"YEAR","FLORIDA",12,NA," BEARING - APPLICATIONS"," MEASURED IN NUMBER"," AVG","FERTILIZER","FERTILIZER: (POTASH)","25.2"
"114",2019,"YEAR","FLORIDA",12,NA," NOT SOLD - PRODUCTION"," MEASURED IN CWT",NA,"TOTAL","NOT SPECIFIED","0"
"115",2019,"YEAR","FLORIDA",12,NA," UTILIZED - PRODUCTION"," MEASURED IN CWT",NA,"TOTAL","NOT SPECIFIED","2,020,000"
"116",2019,"YEAR","OTHER STATES",NA,NA," FRESH MARKET - PRODUCTION"," MEASURED IN $",NA,"TOTAL","NOT SPECIFIED","2,351,590,000"
"117",2019,"YEAR","OTHER STATES",NA,NA," FRESH MARKET"," UTILIZED - PRODUCTION"," MEASURED IN CWT","TOTAL","NOT SPECIFIED","18,210,000"
"118",2019,"YEAR","OTHER STATES",NA,NA," PROCESSING - PRODUCTION"," MEASURED IN $",NA,"TOTAL","NOT SPECIFIED","241,940,000"
"119",2019,"YEAR","OTHER STATES",NA,NA," PROCESSING"," UTILIZED - PRODUCTION"," MEASURED IN CWT","TOTAL","NOT SPECIFIED","4,580,000"
"120",2018,"MARKETING YEAR","CALIFORNIA",6,"PRICE RECEIVED"," MEASURED IN $ / CWT",NA,NA,"TOTAL","NOT SPECIFIED","89.5"
"121",2018,"MARKETING YEAR","CALIFORNIA",6,NA," FRESH MARKET - PRICE RECEIVED"," MEASURED IN $ / CWT",NA,"TOTAL","NOT SPECIFIED","104"
"122",2018,"MARKETING YEAR","CALIFORNIA",6,NA," PROCESSING - PRICE RECEIVED"," MEASURED IN $ / CWT",NA,"TOTAL","NOT SPECIFIED","42.2"
"123",2018,"MARKETING YEAR","CALIFORNIA",6,NA," PROCESSING - PRICE RECEIVED"," MEASURED IN $ / TON",NA,"TOTAL","NOT SPECIFIED","730"
"124",2018,"MARKETING YEAR","FLORIDA",12,"PRICE RECEIVED"," MEASURED IN $ / CWT",NA,NA,"TOTAL","NOT SPECIFIED","115"
"125",2018,"MARKETING YEAR","FLORIDA",12,NA," FRESH MARKET - PRICE RECEIVED"," MEASURED IN $ / CWT",NA,"TOTAL","NOT SPECIFIED","115"
"126",2018,"MARKETING YEAR","FLORIDA",12,NA," PROCESSING - PRICE RECEIVED"," MEASURED IN $ / CWT",NA,"TOTAL","NOT SPECIFIED","0"
"127",2018,"MARKETING YEAR","FLORIDA",12,NA," PROCESSING - PRICE RECEIVED"," MEASURED IN $ / TON",NA,"TOTAL","NOT SPECIFIED","0"
"128",2018,"MARKETING YEAR","NEW YORK",36,"PRICE RECEIVED"," MEASURED IN $ / CWT",NA,NA,"TOTAL","NOT SPECIFIED","204"
"129",2018,"MARKETING YEAR","NORTH CAROLINA",37,"PRICE RECEIVED"," MEASURED IN $ / CWT",NA,NA,"TOTAL","NOT SPECIFIED","171"
"130",2018,"MARKETING YEAR","NORTH CAROLINA",37,NA," FRESH MARKET - PRICE RECEIVED"," MEASURED IN $ / CWT",NA,"TOTAL","NOT SPECIFIED","171"
"131",2018,"MARKETING YEAR","NORTH CAROLINA",37,NA," PROCESSING - PRICE RECEIVED"," MEASURED IN $ / CWT",NA,"TOTAL","NOT SPECIFIED","0"
"132",2018,"MARKETING YEAR","NORTH CAROLINA",37,NA," PROCESSING - PRICE RECEIVED"," MEASURED IN $ / TON",NA,"TOTAL","NOT SPECIFIED","0"
"133",2018,"MARKETING YEAR","OREGON",41,"PRICE RECEIVED"," MEASURED IN $ / CWT",NA,NA,"TOTAL","NOT SPECIFIED","107"
"134",2018,"MARKETING YEAR","OTHER STATES",NA,NA," FRESH MARKET - PRICE RECEIVED"," MEASURED IN $ / CWT",NA,"TOTAL","NOT SPECIFIED","211"
"135",2018,"MARKETING YEAR","OTHER STATES",NA,NA," PROCESSING - PRICE RECEIVED"," MEASURED IN $ / CWT",NA,"TOTAL","NOT SPECIFIED","88.3"
"136",2018,"MARKETING YEAR","WASHINGTON",53,"PRICE RECEIVED"," MEASURED IN $ / CWT",NA,NA,"TOTAL","NOT SPECIFIED","107"
"137",2018,"YEAR","CALIFORNIA",6,"PRODUCTION"," MEASURED IN $",NA,NA,"TOTAL","NOT SPECIFIED","2,086,077,000"
"138",2018,"YEAR","CALIFORNIA",6,"PRODUCTION"," MEASURED IN CWT",NA,NA,"TOTAL","NOT SPECIFIED","23,298,000"
"139",2018,"YEAR","CALIFORNIA",6,NA," BEARING - APPLICATIONS"," MEASURED IN LB",NA,"FERTILIZER","FERTILIZER: (NITROGEN)","10,676,000"
"140",2018,"YEAR","CALIFORNIA",6,NA," BEARING - APPLICATIONS"," MEASURED IN LB",NA,"FERTILIZER","FERTILIZER: (PHOSPHATE)","5,745,000"
"141",2018,"YEAR","CALIFORNIA",6,NA," BEARING - APPLICATIONS"," MEASURED IN LB",NA,"FERTILIZER","FERTILIZER: (POTASH)","10,583,000"
"142",2018,"YEAR","CALIFORNIA",6,NA," BEARING - APPLICATIONS"," MEASURED IN LB",NA,"FERTILIZER","FERTILIZER: (SULFUR)","2,637,000"
"143",2018,"YEAR","CALIFORNIA",6,NA," BEARING - APPLICATIONS"," MEASURED IN LB / ACRE / APPLICATION"," AVG","FERTILIZER","FERTILIZER: (NITROGEN)","18"
"144",2018,"YEAR","CALIFORNIA",6,NA," BEARING - APPLICATIONS"," MEASURED IN LB / ACRE / APPLICATION"," AVG","FERTILIZER","FERTILIZER: (PHOSPHATE)","15"
"145",2018,"YEAR","CALIFORNIA",6,NA," BEARING - APPLICATIONS"," MEASURED IN LB / ACRE / APPLICATION"," AVG","FERTILIZER","FERTILIZER: (POTASH)","24"
"146",2018,"YEAR","CALIFORNIA",6,NA," BEARING - APPLICATIONS"," MEASURED IN LB / ACRE / APPLICATION"," AVG","FERTILIZER","FERTILIZER: (SULFUR)","9"
"147",2018,"YEAR","CALIFORNIA",6,NA," BEARING - APPLICATIONS"," MEASURED IN LB / ACRE / YEAR"," AVG","FERTILIZER","FERTILIZER: (NITROGEN)","307"
"148",2018,"YEAR","CALIFORNIA",6,NA," BEARING - APPLICATIONS"," MEASURED IN LB / ACRE / YEAR"," AVG","FERTILIZER","FERTILIZER: (PHOSPHATE)","172"
"149",2018,"YEAR","CALIFORNIA",6,NA," BEARING - APPLICATIONS"," MEASURED IN LB / ACRE / YEAR"," AVG","FERTILIZER","FERTILIZER: (POTASH)","315"
"150",2018,"YEAR","CALIFORNIA",6,NA," BEARING - APPLICATIONS"," MEASURED IN LB / ACRE / YEAR"," AVG","FERTILIZER","FERTILIZER: (SULFUR)","91"
"151",2018,"YEAR","CALIFORNIA",6,NA," BEARING - APPLICATIONS"," MEASURED IN NUMBER"," AVG","FERTILIZER","FERTILIZER: (NITROGEN)","16.9"
"152",2018,"YEAR","CALIFORNIA",6,NA," BEARING - APPLICATIONS"," MEASURED IN NUMBER"," AVG","FERTILIZER","FERTILIZER: (PHOSPHATE)","11.8"
"153",2018,"YEAR","CALIFORNIA",6,NA," BEARING - APPLICATIONS"," MEASURED IN NUMBER"," AVG","FERTILIZER","FERTILIZER: (POTASH)","13.2"
"154",2018,"YEAR","CALIFORNIA",6,NA," BEARING - APPLICATIONS"," MEASURED IN NUMBER"," AVG","FERTILIZER","FERTILIZER: (SULFUR)","10.2"
"155",2018,"YEAR","CALIFORNIA",6,NA," FRESH MARKET - PRODUCTION"," MEASURED IN $",NA,"TOTAL","NOT SPECIFIED","1,856,015,000"
"156",2018,"YEAR","CALIFORNIA",6,NA," FRESH MARKET"," UTILIZED - PRODUCTION"," MEASURED IN CWT","TOTAL","NOT SPECIFIED","17,846,300"
"157",2018,"YEAR","CALIFORNIA",6,NA," NOT SOLD - PRODUCTION"," MEASURED IN CWT",NA,"TOTAL","NOT SPECIFIED","0"
"158",2018,"YEAR","CALIFORNIA",6,NA," PROCESSING - PRODUCTION"," MEASURED IN $",NA,"TOTAL","NOT SPECIFIED","230,062,000"
"159",2018,"YEAR","CALIFORNIA",6,NA," PROCESSING"," UTILIZED - PRODUCTION"," MEASURED IN CWT","TOTAL","NOT SPECIFIED","5,451,700"
"160",2018,"YEAR","CALIFORNIA",6,NA," PROCESSING"," UTILIZED - PRODUCTION"," MEASURED IN TONS","TOTAL","NOT SPECIFIED","276,358"
"161",2018,"YEAR","CALIFORNIA",6,NA," UTILIZED - PRODUCTION"," MEASURED IN CWT",NA,"TOTAL","NOT SPECIFIED","23,298,000"
"162",2018,"YEAR","FLORIDA",12,"PRODUCTION"," MEASURED IN $",NA,NA,"TOTAL","NOT SPECIFIED","281,750,000"
"163",2018,"YEAR","FLORIDA",12,"PRODUCTION"," MEASURED IN CWT",NA,NA,"TOTAL","NOT SPECIFIED","2,450,000"
"164",2018,"YEAR","FLORIDA",12,NA," BEARING - APPLICATIONS"," MEASURED IN LB",NA,"FERTILIZER","FERTILIZER: (NITROGEN)","136,000"
"165",2018,"YEAR","FLORIDA",12,NA," BEARING - APPLICATIONS"," MEASURED IN LB",NA,"FERTILIZER","FERTILIZER: (PHOSPHATE)","42,000"
"166",2018,"YEAR","FLORIDA",12,NA," BEARING - APPLICATIONS"," MEASURED IN LB",NA,"FERTILIZER","FERTILIZER: (POTASH)","173,000"
"167",2018,"YEAR","FLORIDA",12,NA," BEARING - APPLICATIONS"," MEASURED IN LB / ACRE / APPLICATION"," AVG","FERTILIZER","FERTILIZER: (NITROGEN)","1"
"168",2018,"YEAR","FLORIDA",12,NA," BEARING - APPLICATIONS"," MEASURED IN LB / ACRE / APPLICATION"," AVG","FERTILIZER","FERTILIZER: (POTASH)","1"
"169",2018,"YEAR","FLORIDA",12,NA," BEARING - APPLICATIONS"," MEASURED IN LB / ACRE / YEAR"," AVG","FERTILIZER","FERTILIZER: (NITROGEN)","14"
"170",2018,"YEAR","FLORIDA",12,NA," BEARING - APPLICATIONS"," MEASURED IN LB / ACRE / YEAR"," AVG","FERTILIZER","FERTILIZER: (PHOSPHATE)","4"
"171",2018,"YEAR","FLORIDA",12,NA," BEARING - APPLICATIONS"," MEASURED IN LB / ACRE / YEAR"," AVG","FERTILIZER","FERTILIZER: (POTASH)","17"
"172",2018,"YEAR","FLORIDA",12,NA," BEARING - APPLICATIONS"," MEASURED IN NUMBER"," AVG","FERTILIZER","FERTILIZER: (NITROGEN)","18"
"173",2018,"YEAR","FLORIDA",12,NA," BEARING - APPLICATIONS"," MEASURED IN NUMBER"," AVG","FERTILIZER","FERTILIZER: (PHOSPHATE)","17.6"
"174",2018,"YEAR","FLORIDA",12,NA," BEARING - APPLICATIONS"," MEASURED IN NUMBER"," AVG","FERTILIZER","FERTILIZER: (POTASH)","18"
"175",2018,"YEAR","FLORIDA",12,NA," FRESH MARKET - PRODUCTION"," MEASURED IN $",NA,"TOTAL","NOT SPECIFIED","281,750,000"
"176",2018,"YEAR","FLORIDA",12,NA," FRESH MARKET"," UTILIZED - PRODUCTION"," MEASURED IN CWT","TOTAL","NOT SPECIFIED","2,450,000"
"177",2018,"YEAR","FLORIDA",12,NA," NOT SOLD - PRODUCTION"," MEASURED IN CWT",NA,"TOTAL","NOT SPECIFIED","0"
"178",2018,"YEAR","FLORIDA",12,NA," PROCESSING - PRODUCTION"," MEASURED IN $",NA,"TOTAL","NOT SPECIFIED","0"
"179",2018,"YEAR","FLORIDA",12,NA," PROCESSING"," UTILIZED - PRODUCTION"," MEASURED IN CWT","TOTAL","NOT SPECIFIED","0"
"180",2018,"YEAR","FLORIDA",12,NA," PROCESSING"," UTILIZED - PRODUCTION"," MEASURED IN TONS","TOTAL","NOT SPECIFIED","0"
"181",2018,"YEAR","FLORIDA",12,NA," UTILIZED - PRODUCTION"," MEASURED IN CWT",NA,"TOTAL","NOT SPECIFIED","2,450,000"
"182",2018,"YEAR","NEW YORK",36,"PRODUCTION"," MEASURED IN $",NA,NA,"TOTAL","NOT SPECIFIED","6,229,000"
"183",2018,"YEAR","NEW YORK",36,"PRODUCTION"," MEASURED IN CWT",NA,NA,"TOTAL","NOT SPECIFIED","30,800"
"184",2018,"YEAR","NEW YORK",36,NA," NOT SOLD - PRODUCTION"," MEASURED IN CWT",NA,"TOTAL","NOT SPECIFIED","200"
"185",2018,"YEAR","NEW YORK",36,NA," UTILIZED - PRODUCTION"," MEASURED IN CWT",NA,"TOTAL","NOT SPECIFIED","30,600"
"186",2018,"YEAR","NORTH CAROLINA",37,"PRODUCTION"," MEASURED IN $",NA,NA,"TOTAL","NOT SPECIFIED","21,375,000"
"187",2018,"YEAR","NORTH CAROLINA",37,"PRODUCTION"," MEASURED IN CWT",NA,NA,"TOTAL","NOT SPECIFIED","125,000"
"188",2018,"YEAR","NORTH CAROLINA",37,NA," FRESH MARKET - PRODUCTION"," MEASURED IN $",NA,"TOTAL","NOT SPECIFIED","21,375,000"
"189",2018,"YEAR","NORTH CAROLINA",37,NA," FRESH MARKET"," UTILIZED - PRODUCTION"," MEASURED IN CWT","TOTAL","NOT SPECIFIED","125,000"
"190",2018,"YEAR","NORTH CAROLINA",37,NA," NOT SOLD - PRODUCTION"," MEASURED IN CWT",NA,"TOTAL","NOT SPECIFIED","0"
"191",2018,"YEAR","NORTH CAROLINA",37,NA," PROCESSING - PRODUCTION"," MEASURED IN $",NA,"TOTAL","NOT SPECIFIED","0"
"192",2018,"YEAR","NORTH CAROLINA",37,NA," PROCESSING"," UTILIZED - PRODUCTION"," MEASURED IN CWT","TOTAL","NOT SPECIFIED","0"
"193",2018,"YEAR","NORTH CAROLINA",37,NA," PROCESSING"," UTILIZED - PRODUCTION"," MEASURED IN TONS","TOTAL","NOT SPECIFIED","0"
"194",2018,"YEAR","NORTH CAROLINA",37,NA," UTILIZED - PRODUCTION"," MEASURED IN CWT",NA,"TOTAL","NOT SPECIFIED","125,000"
"195",2018,"YEAR","OREGON",41,"PRODUCTION"," MEASURED IN $",NA,NA,"TOTAL","NOT SPECIFIED","11,687,000"
"196",2018,"YEAR","OREGON",41,"PRODUCTION"," MEASURED IN CWT",NA,NA,"TOTAL","NOT SPECIFIED","110,000"
"197",2018,"YEAR","OREGON",41,NA," NOT SOLD - PRODUCTION"," MEASURED IN CWT",NA,"TOTAL","NOT SPECIFIED","700"
"198",2018,"YEAR","OREGON",41,NA," UTILIZED - PRODUCTION"," MEASURED IN CWT",NA,"TOTAL","NOT SPECIFIED","109,300"
"199",2018,"YEAR","OTHER STATES",NA,NA," FRESH MARKET - PRODUCTION"," MEASURED IN $",NA,"TOTAL","NOT SPECIFIED","12,288,000"
"200",2018,"YEAR","OTHER STATES",NA,NA," FRESH MARKET"," UTILIZED - PRODUCTION"," MEASURED IN CWT","TOTAL","NOT SPECIFIED","58,100"
"201",2018,"YEAR","OTHER STATES",NA,NA," PROCESSING - PRODUCTION"," MEASURED IN $",NA,"TOTAL","NOT SPECIFIED","14,795,000"
"202",2018,"YEAR","OTHER STATES",NA,NA," PROCESSING"," UTILIZED - PRODUCTION"," MEASURED IN CWT","TOTAL","NOT SPECIFIED","167,600"
"203",2018,"YEAR","WASHINGTON",53,"PRODUCTION"," MEASURED IN $",NA,NA,"TOTAL","NOT SPECIFIED","9,167,000"
"204",2018,"YEAR","WASHINGTON",53,"PRODUCTION"," MEASURED IN CWT",NA,NA,"TOTAL","NOT SPECIFIED","86,100"
"205",2018,"YEAR","WASHINGTON",53,NA," NOT SOLD - PRODUCTION"," MEASURED IN CWT",NA,"TOTAL","NOT SPECIFIED","300"
"206",2018,"YEAR","WASHINGTON",53,NA," UTILIZED - PRODUCTION"," MEASURED IN CWT",NA,"TOTAL","NOT SPECIFIED","85,800"
"207",2018,"YEAR - AUG FORECAST","CALIFORNIA",6,"PRODUCTION"," MEASURED IN $",NA,NA,"TOTAL","NOT SPECIFIED","3,030,953,000"
"208",2018,"YEAR - AUG FORECAST","CALIFORNIA",6,"PRODUCTION"," MEASURED IN CWT",NA,NA,"TOTAL","NOT SPECIFIED","28,938,000"
"209",2018,"YEAR - AUG FORECAST","CALIFORNIA",6,NA," FRESH MARKET - PRODUCTION"," MEASURED IN $",NA,"TOTAL","NOT SPECIFIED","2,829,210,000"
"210",2018,"YEAR - AUG FORECAST","CALIFORNIA",6,NA," FRESH MARKET"," UTILIZED - PRODUCTION"," MEASURED IN CWT","TOTAL","NOT SPECIFIED","23,381,900"
"211",2018,"YEAR - AUG FORECAST","CALIFORNIA",6,NA," NOT SOLD - PRODUCTION"," MEASURED IN CWT",NA,"TOTAL","NOT SPECIFIED","28,900"
"212",2018,"YEAR - AUG FORECAST","CALIFORNIA",6,NA," PROCESSING - PRODUCTION"," MEASURED IN $",NA,"TOTAL","NOT SPECIFIED","201,743,000"
"213",2018,"YEAR - AUG FORECAST","CALIFORNIA",6,NA," PROCESSING"," UTILIZED - PRODUCTION"," MEASURED IN CWT","TOTAL","NOT SPECIFIED","5,527,200"
"214",2018,"YEAR - AUG FORECAST","CALIFORNIA",6,NA," PROCESSING"," UTILIZED - PRODUCTION"," MEASURED IN TONS","TOTAL","NOT SPECIFIED","276,358"
"215",2018,"YEAR - AUG FORECAST","CALIFORNIA",6,NA," UTILIZED - PRODUCTION"," MEASURED IN CWT",NA,"TOTAL","NOT SPECIFIED","28,909,100"
"216",2018,"YEAR - AUG FORECAST","FLORIDA",12,"PRODUCTION"," MEASURED IN $",NA,NA,"TOTAL","NOT SPECIFIED","292,050,000"
"217",2018,"YEAR - AUG FORECAST","FLORIDA",12,"PRODUCTION"," MEASURED IN CWT",NA,NA,"TOTAL","NOT SPECIFIED","2,475,000"
"218",2018,"YEAR - AUG FORECAST","FLORIDA",12,NA," FRESH MARKET - PRODUCTION"," MEASURED IN $",NA,"TOTAL","NOT SPECIFIED","292,050,000"
"219",2018,"YEAR - AUG FORECAST","FLORIDA",12,NA," FRESH MARKET"," UTILIZED - PRODUCTION"," MEASURED IN CWT","TOTAL","NOT SPECIFIED","2,475,000"
"220",2018,"YEAR - AUG FORECAST","FLORIDA",12,NA," NOT SOLD - PRODUCTION"," MEASURED IN CWT",NA,"TOTAL","NOT SPECIFIED","0"
"221",2018,"YEAR - AUG FORECAST","FLORIDA",12,NA," PROCESSING - PRODUCTION"," MEASURED IN $",NA,"TOTAL","NOT SPECIFIED","0"
"222",2018,"YEAR - AUG FORECAST","FLORIDA",12,NA," PROCESSING"," UTILIZED - PRODUCTION"," MEASURED IN CWT","TOTAL","NOT SPECIFIED","0"
"223",2018,"YEAR - AUG FORECAST","FLORIDA",12,NA," PROCESSING"," UTILIZED - PRODUCTION"," MEASURED IN TONS","TOTAL","NOT SPECIFIED","0"
"224",2018,"YEAR - AUG FORECAST","FLORIDA",12,NA," UTILIZED - PRODUCTION"," MEASURED IN CWT",NA,"TOTAL","NOT SPECIFIED","2,475,000"
"225",2018,"YEAR - AUG FORECAST","NEW YORK",36,"PRODUCTION"," MEASURED IN $",NA,NA,"TOTAL","NOT SPECIFIED","6,229,000"
"226",2018,"YEAR - AUG FORECAST","NEW YORK",36,"PRODUCTION"," MEASURED IN CWT",NA,NA,"TOTAL","NOT SPECIFIED","30,800"
"227",2018,"YEAR - AUG FORECAST","NEW YORK",36,NA," NOT SOLD - PRODUCTION"," MEASURED IN CWT",NA,"TOTAL","NOT SPECIFIED","200"
"228",2018,"YEAR - AUG FORECAST","NEW YORK",36,NA," UTILIZED - PRODUCTION"," MEASURED IN CWT",NA,"TOTAL","NOT SPECIFIED","30,600"
"229",2018,"YEAR - AUG FORECAST","NORTH CAROLINA",37,"PRODUCTION"," MEASURED IN $",NA,NA,"TOTAL","NOT SPECIFIED","21,375,000"
"230",2018,"YEAR - AUG FORECAST","NORTH CAROLINA",37,"PRODUCTION"," MEASURED IN CWT",NA,NA,"TOTAL","NOT SPECIFIED","125,000"
"231",2018,"YEAR - AUG FORECAST","NORTH CAROLINA",37,NA," FRESH MARKET - PRODUCTION"," MEASURED IN $",NA,"TOTAL","NOT SPECIFIED","21,375,000"
"232",2018,"YEAR - AUG FORECAST","NORTH CAROLINA",37,NA," FRESH MARKET"," UTILIZED - PRODUCTION"," MEASURED IN CWT","TOTAL","NOT SPECIFIED","125,000"
"233",2018,"YEAR - AUG FORECAST","NORTH CAROLINA",37,NA," NOT SOLD - PRODUCTION"," MEASURED IN CWT",NA,"TOTAL","NOT SPECIFIED","0"
"234",2018,"YEAR - AUG FORECAST","NORTH CAROLINA",37,NA," PROCESSING - PRODUCTION"," MEASURED IN $",NA,"TOTAL","NOT SPECIFIED","0"
"235",2018,"YEAR - AUG FORECAST","NORTH CAROLINA",37,NA," PROCESSING"," UTILIZED - PRODUCTION"," MEASURED IN CWT","TOTAL","NOT SPECIFIED","0"
"236",2018,"YEAR - AUG FORECAST","NORTH CAROLINA",37,NA," PROCESSING"," UTILIZED - PRODUCTION"," MEASURED IN TONS","TOTAL","NOT SPECIFIED","0"
"237",2018,"YEAR - AUG FORECAST","NORTH CAROLINA",37,NA," UTILIZED - PRODUCTION"," MEASURED IN CWT",NA,"TOTAL","NOT SPECIFIED","125,000"
"238",2018,"YEAR - AUG FORECAST","OREGON",41,"PRODUCTION"," MEASURED IN $",NA,NA,"TOTAL","NOT SPECIFIED","11,687,000"
"239",2018,"YEAR - AUG FORECAST","OREGON",41,"PRODUCTION"," MEASURED IN CWT",NA,NA,"TOTAL","NOT SPECIFIED","110,000"
"240",2018,"YEAR - AUG FORECAST","OREGON",41,NA," NOT SOLD - PRODUCTION"," MEASURED IN CWT",NA,"TOTAL","NOT SPECIFIED","700"
"241",2018,"YEAR - AUG FORECAST","OREGON",41,NA," UTILIZED - PRODUCTION"," MEASURED IN CWT",NA,"TOTAL","NOT SPECIFIED","109,300"
"242",2018,"YEAR - AUG FORECAST","OTHER STATES",NA,NA," FRESH MARKET - PRODUCTION"," MEASURED IN $",NA,"TOTAL","NOT SPECIFIED","12,288,000"
"243",2018,"YEAR - AUG FORECAST","OTHER STATES",NA,NA," FRESH MARKET"," UTILIZED - PRODUCTION"," MEASURED IN CWT","TOTAL","NOT SPECIFIED","58,100"
"244",2018,"YEAR - AUG FORECAST","OTHER STATES",NA,NA," PROCESSING - PRODUCTION"," MEASURED IN $",NA,"TOTAL","NOT SPECIFIED","14,795,000"
"245",2018,"YEAR - AUG FORECAST","OTHER STATES",NA,NA," PROCESSING"," UTILIZED - PRODUCTION"," MEASURED IN CWT","TOTAL","NOT SPECIFIED","167,600"
"246",2018,"YEAR - AUG FORECAST","WASHINGTON",53,"PRODUCTION"," MEASURED IN $",NA,NA,"TOTAL","NOT SPECIFIED","9,167,000"
"247",2018,"YEAR - AUG FORECAST","WASHINGTON",53,"PRODUCTION"," MEASURED IN CWT",NA,NA,"TOTAL","NOT SPECIFIED","86,100"
"248",2018,"YEAR - AUG FORECAST","WASHINGTON",53,NA," NOT SOLD - PRODUCTION"," MEASURED IN CWT",NA,"TOTAL","NOT SPECIFIED","300"
"249",2018,"YEAR - AUG FORECAST","WASHINGTON",53,NA," UTILIZED - PRODUCTION"," MEASURED IN CWT",NA,"TOTAL","NOT SPECIFIED","85,800"
"250",2017,"MARKETING YEAR","CALIFORNIA",6,"PRICE RECEIVED"," MEASURED IN $ / CWT",NA,NA,"TOTAL","NOT SPECIFIED","103"
"251",2017,"MARKETING YEAR","CALIFORNIA",6,NA," FRESH MARKET - PRICE RECEIVED"," MEASURED IN $ / CWT",NA,"TOTAL","NOT SPECIFIED","123"
"252",2017,"MARKETING YEAR","CALIFORNIA",6,NA," PROCESSING - PRICE RECEIVED"," MEASURED IN $ / CWT",NA,"TOTAL","NOT SPECIFIED","35"
"253",2017,"MARKETING YEAR","CALIFORNIA",6,NA," PROCESSING - PRICE RECEIVED"," MEASURED IN $ / TON",NA,"TOTAL","NOT SPECIFIED","645"
"254",2017,"MARKETING YEAR","FLORIDA",12,"PRICE RECEIVED"," MEASURED IN $ / CWT",NA,NA,"TOTAL","NOT SPECIFIED","140"
"255",2017,"MARKETING YEAR","NEW YORK",36,"PRICE RECEIVED"," MEASURED IN $ / CWT",NA,NA,"TOTAL","NOT SPECIFIED","229"
"256",2017,"MARKETING YEAR","NORTH CAROLINA",37,"PRICE RECEIVED"," MEASURED IN $ / CWT",NA,NA,"TOTAL","NOT SPECIFIED","166"
"257",2017,"MARKETING YEAR","NORTH CAROLINA",37,NA," FRESH MARKET - PRICE RECEIVED"," MEASURED IN $ / CWT",NA,"TOTAL","NOT SPECIFIED","168"
"258",2017,"MARKETING YEAR","NORTH CAROLINA",37,NA," PROCESSING - PRICE RECEIVED"," MEASURED IN $ / CWT",NA,"TOTAL","NOT SPECIFIED","51.9"
"259",2017,"MARKETING YEAR","NORTH CAROLINA",37,NA," PROCESSING - PRICE RECEIVED"," MEASURED IN $ / TON",NA,"TOTAL","NOT SPECIFIED","1,040"
"260",2017,"MARKETING YEAR","OREGON",41,"PRICE RECEIVED"," MEASURED IN $ / CWT",NA,NA,"TOTAL","NOT SPECIFIED","110"
"261",2017,"MARKETING YEAR","OREGON",41,NA," FRESH MARKET - PRICE RECEIVED"," MEASURED IN $ / CWT",NA,"TOTAL","NOT SPECIFIED","195"
"262",2017,"MARKETING YEAR","OREGON",41,NA," PROCESSING - PRICE RECEIVED"," MEASURED IN $ / CWT",NA,"TOTAL","NOT SPECIFIED","93.5"
"263",2017,"MARKETING YEAR","OREGON",41,NA," PROCESSING - PRICE RECEIVED"," MEASURED IN $ / TON",NA,"TOTAL","NOT SPECIFIED","1,870"
"264",2017,"MARKETING YEAR","OTHER STATES",NA,"PRICE RECEIVED"," MEASURED IN $ / CWT",NA,NA,"TOTAL","NOT SPECIFIED","0"
"265",2017,"MARKETING YEAR","OTHER STATES",NA,NA," FRESH MARKET - PRICE RECEIVED"," MEASURED IN $ / CWT",NA,"TOTAL","NOT SPECIFIED","143"
"266",2017,"MARKETING YEAR","OTHER STATES",NA,NA," PROCESSING - PRICE RECEIVED"," MEASURED IN $ / CWT",NA,"TOTAL","NOT SPECIFIED","69.1"
"267",2017,"MARKETING YEAR","OTHER STATES",NA,NA," PROCESSING - PRICE RECEIVED"," MEASURED IN $ / TON",NA,"TOTAL","NOT SPECIFIED","1,380"
"268",2017,"MARKETING YEAR","WASHINGTON",53,"PRICE RECEIVED"," MEASURED IN $ / CWT",NA,NA,"TOTAL","NOT SPECIFIED","107"
"269",2017,"YEAR","CALIFORNIA",6,"PRODUCTION"," MEASURED IN $",NA,NA,"TOTAL","NOT SPECIFIED","2,530,903,000"
"270",2017,"YEAR","CALIFORNIA",6,"PRODUCTION"," MEASURED IN CWT",NA,NA,"TOTAL","NOT SPECIFIED","24,574,500"
"271",2017,"YEAR","CALIFORNIA",6,NA," FRESH MARKET - PRODUCTION"," MEASURED IN $",NA,"TOTAL","NOT SPECIFIED","2,336,520,000"
"272",2017,"YEAR","CALIFORNIA",6,NA," FRESH MARKET"," UTILIZED - PRODUCTION"," MEASURED IN CWT","TOTAL","NOT SPECIFIED","18,996,100"
"273",2017,"YEAR","CALIFORNIA",6,NA," NOT SOLD - PRODUCTION"," MEASURED IN CWT",NA,"TOTAL","NOT SPECIFIED","24,600"
"274",2017,"YEAR","CALIFORNIA",6,NA," PROCESSING - PRODUCTION"," MEASURED IN $",NA,"TOTAL","NOT SPECIFIED","194,383,000"
"275",2017,"YEAR","CALIFORNIA",6,NA," PROCESSING"," UTILIZED - PRODUCTION"," MEASURED IN CWT","TOTAL","NOT SPECIFIED","5,553,800"
"276",2017,"YEAR","CALIFORNIA",6,NA," PROCESSING"," UTILIZED - PRODUCTION"," MEASURED IN TONS","TOTAL","NOT SPECIFIED","270,313"
"277",2017,"YEAR","CALIFORNIA",6,NA," UTILIZED - PRODUCTION"," MEASURED IN CWT",NA,"TOTAL","NOT SPECIFIED","24,549,900"
"278",2017,"YEAR","FLORIDA",12,"PRODUCTION"," MEASURED IN $",NA,NA,"TOTAL","NOT SPECIFIED","299,114,000"
"279",2017,"YEAR","FLORIDA",12,"PRODUCTION"," MEASURED IN CWT",NA,NA,"TOTAL","NOT SPECIFIED","2,137,500"
"280",2017,"YEAR","FLORIDA",12,NA," NOT SOLD - PRODUCTION"," MEASURED IN CWT",NA,"TOTAL","NOT SPECIFIED","0"
"281",2017,"YEAR","FLORIDA",12,NA," UTILIZED - PRODUCTION"," MEASURED IN CWT",NA,"TOTAL","NOT SPECIFIED","2,137,500"
"282",2017,"YEAR","NEW YORK",36,"PRODUCTION"," MEASURED IN $",NA,NA,"TOTAL","NOT SPECIFIED","10,415,000"
"283",2017,"YEAR","NEW YORK",36,"PRODUCTION"," MEASURED IN CWT",NA,NA,"TOTAL","NOT SPECIFIED","46,800"
"284",2017,"YEAR","NEW YORK",36,NA," NOT SOLD - PRODUCTION"," MEASURED IN CWT",NA,"TOTAL","NOT SPECIFIED","1,300"
"285",2017,"YEAR","NEW YORK",36,NA," UTILIZED - PRODUCTION"," MEASURED IN CWT",NA,"TOTAL","NOT SPECIFIED","45,500"
"286",2017,"YEAR","NORTH CAROLINA",37,"PRODUCTION"," MEASURED IN $",NA,NA,"TOTAL","NOT SPECIFIED","21,308,000"
"287",2017,"YEAR","NORTH CAROLINA",37,"PRODUCTION"," MEASURED IN CWT",NA,NA,"TOTAL","NOT SPECIFIED","135,000"
"288",2017,"YEAR","NORTH CAROLINA",37,NA," FRESH MARKET - PRODUCTION"," MEASURED IN $",NA,"TOTAL","NOT SPECIFIED","21,168,000"
"289",2017,"YEAR","NORTH CAROLINA",37,NA," FRESH MARKET"," UTILIZED - PRODUCTION"," MEASURED IN CWT","TOTAL","NOT SPECIFIED","126,000"
"290",2017,"YEAR","NORTH CAROLINA",37,NA," NOT SOLD - PRODUCTION"," MEASURED IN CWT",NA,"TOTAL","NOT SPECIFIED","6,300"
"291",2017,"YEAR","NORTH CAROLINA",37,NA," PROCESSING - PRODUCTION"," MEASURED IN $",NA,"TOTAL","NOT SPECIFIED","140,000"
"292",2017,"YEAR","NORTH CAROLINA",37,NA," PROCESSING"," UTILIZED - PRODUCTION"," MEASURED IN CWT","TOTAL","NOT SPECIFIED","2,700"
"293",2017,"YEAR","NORTH CAROLINA",37,NA," PROCESSING"," UTILIZED - PRODUCTION"," MEASURED IN TONS","TOTAL","NOT SPECIFIED","149"
"294",2017,"YEAR","NORTH CAROLINA",37,NA," UTILIZED - PRODUCTION"," MEASURED IN CWT",NA,"TOTAL","NOT SPECIFIED","128,700"
"295",2017,"YEAR","OREGON",41,"PRODUCTION"," MEASURED IN $",NA,NA,"TOTAL","NOT SPECIFIED","22,048,000"
"296",2017,"YEAR","OREGON",41,"PRODUCTION"," MEASURED IN CWT",NA,NA,"TOTAL","NOT SPECIFIED","200,200"
"297",2017,"YEAR","OREGON",41,NA," FRESH MARKET - PRODUCTION"," MEASURED IN $",NA,"TOTAL","NOT SPECIFIED","6,396,000"
"298",2017,"YEAR","OREGON",41,NA," FRESH MARKET"," UTILIZED - PRODUCTION"," MEASURED IN CWT","TOTAL","NOT SPECIFIED","32,800"
"299",2017,"YEAR","OREGON",41,NA," NOT SOLD - PRODUCTION"," MEASURED IN CWT",NA,"TOTAL","NOT SPECIFIED","0"
"300",2017,"YEAR","OREGON",41,NA," PROCESSING - PRODUCTION"," MEASURED IN $",NA,"TOTAL","NOT SPECIFIED","15,652,000"
"301",2017,"YEAR","OREGON",41,NA," PROCESSING"," UTILIZED - PRODUCTION"," MEASURED IN CWT","TOTAL","NOT SPECIFIED","167,400"
"302",2017,"YEAR","OREGON",41,NA," PROCESSING"," UTILIZED - PRODUCTION"," MEASURED IN TONS","TOTAL","NOT SPECIFIED","4,565"
"303",2017,"YEAR","OREGON",41,NA," UTILIZED - PRODUCTION"," MEASURED IN CWT",NA,"TOTAL","NOT SPECIFIED","200,200"
"304",2017,"YEAR","OTHER STATES",NA,"PRODUCTION"," MEASURED IN $",NA,NA,"TOTAL","NOT SPECIFIED","0"
"305",2017,"YEAR","OTHER STATES",NA,"PRODUCTION"," MEASURED IN CWT",NA,NA,"TOTAL","NOT SPECIFIED","0"
"306",2017,"YEAR","OTHER STATES",NA,NA," FRESH MARKET - PRODUCTION"," MEASURED IN $",NA,"TOTAL","NOT SPECIFIED","316,105,000"
"307",2017,"YEAR","OTHER STATES",NA,NA," FRESH MARKET"," UTILIZED - PRODUCTION"," MEASURED IN CWT","TOTAL","NOT SPECIFIED","2,217,100"
"308",2017,"YEAR","OTHER STATES",NA,NA," NOT SOLD - PRODUCTION"," MEASURED IN CWT",NA,"TOTAL","NOT SPECIFIED","0"
"309",2017,"YEAR","OTHER STATES",NA,NA," PROCESSING - PRODUCTION"," MEASURED IN $",NA,"TOTAL","NOT SPECIFIED","5,449,000"
"310",2017,"YEAR","OTHER STATES",NA,NA," PROCESSING"," UTILIZED - PRODUCTION"," MEASURED IN CWT","TOTAL","NOT SPECIFIED","78,800"
"311",2017,"YEAR","OTHER STATES",NA,NA," PROCESSING"," UTILIZED - PRODUCTION"," MEASURED IN TONS","TOTAL","NOT SPECIFIED","2,677"
"312",2017,"YEAR","OTHER STATES",NA,NA," UTILIZED - PRODUCTION"," MEASURED IN CWT",NA,"TOTAL","NOT SPECIFIED","0"
"313",2017,"YEAR","WASHINGTON",53,"PRODUCTION"," MEASURED IN $",NA,NA,"TOTAL","NOT SPECIFIED","12,025,000"
"314",2017,"YEAR","WASHINGTON",53,"PRODUCTION"," MEASURED IN CWT",NA,NA,"TOTAL","NOT SPECIFIED","114,000"
"315",2017,"YEAR","WASHINGTON",53,NA," NOT SOLD - PRODUCTION"," MEASURED IN CWT",NA,"TOTAL","NOT SPECIFIED","1,100"
"316",2017,"YEAR","WASHINGTON",53,NA," UTILIZED - PRODUCTION"," MEASURED IN CWT",NA,"TOTAL","NOT SPECIFIED","112,900"
"317",2017,"YEAR - AUG FORECAST","CALIFORNIA",6,"PRODUCTION"," MEASURED IN $",NA,NA,"TOTAL","NOT SPECIFIED","1,696,140,000"
"318",2017,"YEAR - AUG FORECAST","CALIFORNIA",6,"PRODUCTION"," MEASURED IN CWT",NA,NA,"TOTAL","NOT SPECIFIED","27,690,000"
"319",2017,"YEAR - AUG FORECAST","CALIFORNIA",6,NA," FRESH MARKET - PRODUCTION"," MEASURED IN $",NA,"TOTAL","NOT SPECIFIED","1,466,190,000"
"320",2017,"YEAR - AUG FORECAST","CALIFORNIA",6,NA," FRESH MARKET"," UTILIZED - PRODUCTION"," MEASURED IN CWT","TOTAL","NOT SPECIFIED","22,215,000"
"321",2017,"YEAR - AUG FORECAST","CALIFORNIA",6,NA," NOT SOLD - PRODUCTION"," MEASURED IN CWT",NA,"TOTAL","NOT SPECIFIED","0"
"322",2017,"YEAR - AUG FORECAST","CALIFORNIA",6,NA," PROCESSING - PRODUCTION"," MEASURED IN $",NA,"TOTAL","NOT SPECIFIED","229,950,000"
"323",2017,"YEAR - AUG FORECAST","CALIFORNIA",6,NA," PROCESSING"," UTILIZED - PRODUCTION"," MEASURED IN CWT","TOTAL","NOT SPECIFIED","5,475,000"
"324",2017,"YEAR - AUG FORECAST","CALIFORNIA",6,NA," PROCESSING"," UTILIZED - PRODUCTION"," MEASURED IN TONS","TOTAL","NOT SPECIFIED","273,750"
"325",2017,"YEAR - AUG FORECAST","CALIFORNIA",6,NA," UTILIZED - PRODUCTION"," MEASURED IN CWT",NA,"TOTAL","NOT SPECIFIED","27,690,000"
"326",2017,"YEAR - AUG FORECAST","FLORIDA",12,"PRODUCTION"," MEASURED IN $",NA,NA,"TOTAL","NOT SPECIFIED","277,842,000"
"327",2017,"YEAR - AUG FORECAST","FLORIDA",12,"PRODUCTION"," MEASURED IN CWT",NA,NA,"TOTAL","NOT SPECIFIED","2,507,000"
"328",2017,"YEAR - AUG FORECAST","FLORIDA",12,NA," NOT SOLD - PRODUCTION"," MEASURED IN CWT",NA,"TOTAL","NOT SPECIFIED","3,000"
"329",2017,"YEAR - AUG FORECAST","FLORIDA",12,NA," UTILIZED - PRODUCTION"," MEASURED IN CWT",NA,"TOTAL","NOT SPECIFIED","2,504,000"
"330",2017,"YEAR - AUG FORECAST","NEW YORK",36,"PRODUCTION"," MEASURED IN $",NA,NA,"TOTAL","NOT SPECIFIED","5,993,000"
"331",2017,"YEAR - AUG FORECAST","NEW YORK",36,"PRODUCTION"," MEASURED IN CWT",NA,NA,"TOTAL","NOT SPECIFIED","27,000"
"332",2017,"YEAR - AUG FORECAST","NEW YORK",36,NA," NOT SOLD - PRODUCTION"," MEASURED IN CWT",NA,"TOTAL","NOT SPECIFIED","1,000"
"333",2017,"YEAR - AUG FORECAST","NEW YORK",36,NA," UTILIZED - PRODUCTION"," MEASURED IN CWT",NA,"TOTAL","NOT SPECIFIED","26,000"
"334",2017,"YEAR - AUG FORECAST","NORTH CAROLINA",37,"PRODUCTION"," MEASURED IN $",NA,NA,"TOTAL","NOT SPECIFIED","24,684,000"
"335",2017,"YEAR - AUG FORECAST","NORTH CAROLINA",37,"PRODUCTION"," MEASURED IN CWT",NA,NA,"TOTAL","NOT SPECIFIED","149,000"
"336",2017,"YEAR - AUG FORECAST","NORTH CAROLINA",37,NA," FRESH MARKET - PRODUCTION"," MEASURED IN $",NA,"TOTAL","NOT SPECIFIED","24,528,000"
"337",2017,"YEAR - AUG FORECAST","NORTH CAROLINA",37,NA," FRESH MARKET"," UTILIZED - PRODUCTION"," MEASURED IN CWT","TOTAL","NOT SPECIFIED","146,000"
"338",2017,"YEAR - AUG FORECAST","NORTH CAROLINA",37,NA," NOT SOLD - PRODUCTION"," MEASURED IN CWT",NA,"TOTAL","NOT SPECIFIED","0"
"339",2017,"YEAR - AUG FORECAST","NORTH CAROLINA",37,NA," PROCESSING - PRODUCTION"," MEASURED IN $",NA,"TOTAL","NOT SPECIFIED","156,000"
"340",2017,"YEAR - AUG FORECAST","NORTH CAROLINA",37,NA," PROCESSING"," UTILIZED - PRODUCTION"," MEASURED IN CWT","TOTAL","NOT SPECIFIED","3,000"
"341",2017,"YEAR - AUG FORECAST","NORTH CAROLINA",37,NA," PROCESSING"," UTILIZED - PRODUCTION"," MEASURED IN TONS","TOTAL","NOT SPECIFIED","150"
"342",2017,"YEAR - AUG FORECAST","NORTH CAROLINA",37,NA," UTILIZED - PRODUCTION"," MEASURED IN CWT",NA,"TOTAL","NOT SPECIFIED","149,000"
"343",2017,"YEAR - AUG FORECAST","OREGON",41,"PRODUCTION"," MEASURED IN $",NA,NA,"TOTAL","NOT SPECIFIED","9,881,000"
"344",2017,"YEAR - AUG FORECAST","OREGON",41,"PRODUCTION"," MEASURED IN CWT",NA,NA,"TOTAL","NOT SPECIFIED","85,000"
"345",2017,"YEAR - AUG FORECAST","OREGON",41,NA," FRESH MARKET - PRODUCTION"," MEASURED IN $",NA,"TOTAL","NOT SPECIFIED","3,705,000"
"346",2017,"YEAR - AUG FORECAST","OREGON",41,NA," FRESH MARKET"," UTILIZED - PRODUCTION"," MEASURED IN CWT","TOTAL","NOT SPECIFIED","19,000"
"347",2017,"YEAR - AUG FORECAST","OREGON",41,NA," NOT SOLD - PRODUCTION"," MEASURED IN CWT",NA,"TOTAL","NOT SPECIFIED","2,000"
"348",2017,"YEAR - AUG FORECAST","OREGON",41,NA," PROCESSING - PRODUCTION"," MEASURED IN $",NA,"TOTAL","NOT SPECIFIED","6,176,000"
"349",2017,"YEAR - AUG FORECAST","OREGON",41,NA," PROCESSING"," UTILIZED - PRODUCTION"," MEASURED IN CWT","TOTAL","NOT SPECIFIED","64,000"
"350",2017,"YEAR - AUG FORECAST","OREGON",41,NA," PROCESSING"," UTILIZED - PRODUCTION"," MEASURED IN TONS","TOTAL","NOT SPECIFIED","3,200"
"351",2017,"YEAR - AUG FORECAST","OREGON",41,NA," UTILIZED - PRODUCTION"," MEASURED IN CWT",NA,"TOTAL","NOT SPECIFIED","83,000"
"352",2017,"YEAR - AUG FORECAST","OTHER STATES",NA,"PRODUCTION"," MEASURED IN $",NA,NA,"TOTAL","NOT SPECIFIED","0"
"353",2017,"YEAR - AUG FORECAST","OTHER STATES",NA,"PRODUCTION"," MEASURED IN CWT",NA,NA,"TOTAL","NOT SPECIFIED","0"
"354",2017,"YEAR - AUG FORECAST","OTHER STATES",NA,NA," FRESH MARKET - PRODUCTION"," MEASURED IN $",NA,"TOTAL","NOT SPECIFIED","288,142,000"
"355",2017,"YEAR - AUG FORECAST","OTHER STATES",NA,NA," FRESH MARKET"," UTILIZED - PRODUCTION"," MEASURED IN CWT","TOTAL","NOT SPECIFIED","2,552,000"
"356",2017,"YEAR - AUG FORECAST","OTHER STATES",NA,NA," NOT SOLD - PRODUCTION"," MEASURED IN CWT",NA,"TOTAL","NOT SPECIFIED","0"
"357",2017,"YEAR - AUG FORECAST","OTHER STATES",NA,NA," PROCESSING - PRODUCTION"," MEASURED IN $",NA,"TOTAL","NOT SPECIFIED","3,678,000"
"358",2017,"YEAR - AUG FORECAST","OTHER STATES",NA,NA," PROCESSING"," UTILIZED - PRODUCTION"," MEASURED IN CWT","TOTAL","NOT SPECIFIED","53,000"
"359",2017,"YEAR - AUG FORECAST","OTHER STATES",NA,NA," PROCESSING"," UTILIZED - PRODUCTION"," MEASURED IN TONS","TOTAL","NOT SPECIFIED","2,640"
"360",2017,"YEAR - AUG FORECAST","OTHER STATES",NA,NA," UTILIZED - PRODUCTION"," MEASURED IN CWT",NA,"TOTAL","NOT SPECIFIED","0"
"361",2017,"YEAR - AUG FORECAST","WASHINGTON",53,"PRODUCTION"," MEASURED IN $",NA,NA,"TOTAL","NOT SPECIFIED","7,985,000"
"362",2017,"YEAR - AUG FORECAST","WASHINGTON",53,"PRODUCTION"," MEASURED IN CWT",NA,NA,"TOTAL","NOT SPECIFIED","76,000"
"363",2017,"YEAR - AUG FORECAST","WASHINGTON",53,NA," NOT SOLD - PRODUCTION"," MEASURED IN CWT",NA,"TOTAL","NOT SPECIFIED","1,000"
"364",2017,"YEAR - AUG FORECAST","WASHINGTON",53,NA," UTILIZED - PRODUCTION"," MEASURED IN CWT",NA,"TOTAL","NOT SPECIFIED","75,000"
"365",2016,"MARKETING YEAR","CALIFORNIA",6,"PRICE RECEIVED"," MEASURED IN $ / CWT",NA,NA,"TOTAL","NOT SPECIFIED","105"
"366",2016,"MARKETING YEAR","CALIFORNIA",6,NA," FRESH MARKET - PRICE RECEIVED"," MEASURED IN $ / CWT",NA,"TOTAL","NOT SPECIFIED","123"
"367",2016,"MARKETING YEAR","CALIFORNIA",6,NA," PROCESSING - PRICE RECEIVED"," MEASURED IN $ / CWT",NA,"TOTAL","NOT SPECIFIED","45.9"
"368",2016,"MARKETING YEAR","FLORIDA",12,"PRICE RECEIVED"," MEASURED IN $ / CWT",NA,NA,"TOTAL","NOT SPECIFIED","166"
"369",2016,"MARKETING YEAR","FLORIDA",12,NA," FRESH MARKET - PRICE RECEIVED"," MEASURED IN $ / CWT",NA,"TOTAL","NOT SPECIFIED","166"
"370",2016,"MARKETING YEAR","FLORIDA",12,NA," PROCESSING - PRICE RECEIVED"," MEASURED IN $ / CWT",NA,"TOTAL","NOT SPECIFIED","0"
"371",2016,"MARKETING YEAR","NEW YORK",36,"PRICE RECEIVED"," MEASURED IN $ / CWT",NA,NA,"TOTAL","NOT SPECIFIED","235"
"372",2016,"MARKETING YEAR","NEW YORK",36,NA," FRESH MARKET - PRICE RECEIVED"," MEASURED IN $ / CWT",NA,"TOTAL","NOT SPECIFIED","235"
"373",2016,"MARKETING YEAR","NEW YORK",36,NA," PROCESSING - PRICE RECEIVED"," MEASURED IN $ / CWT",NA,"TOTAL","NOT SPECIFIED","0"
"374",2016,"MARKETING YEAR","NORTH CAROLINA",37,"PRICE RECEIVED"," MEASURED IN $ / CWT",NA,NA,"TOTAL","NOT SPECIFIED","187"
"375",2016,"MARKETING YEAR","NORTH CAROLINA",37,NA," FRESH MARKET - PRICE RECEIVED"," MEASURED IN $ / CWT",NA,"TOTAL","NOT SPECIFIED","187"
"376",2016,"MARKETING YEAR","NORTH CAROLINA",37,NA," PROCESSING - PRICE RECEIVED"," MEASURED IN $ / CWT",NA,"TOTAL","NOT SPECIFIED","0"
"377",2016,"MARKETING YEAR","OREGON",41,"PRICE RECEIVED"," MEASURED IN $ / CWT",NA,NA,"TOTAL","NOT SPECIFIED","86.7"
"378",2016,"MARKETING YEAR","OREGON",41,NA," FRESH MARKET - PRICE RECEIVED"," MEASURED IN $ / CWT",NA,"TOTAL","NOT SPECIFIED","108"
"379",2016,"MARKETING YEAR","OREGON",41,NA," PROCESSING - PRICE RECEIVED"," MEASURED IN $ / CWT",NA,"TOTAL","NOT SPECIFIED","83"
"380",2016,"MARKETING YEAR","OTHER STATES",NA,"PRICE RECEIVED"," MEASURED IN $ / CWT",NA,NA,"TOTAL","NOT SPECIFIED","0"
"381",2016,"MARKETING YEAR","OTHER STATES",NA,NA," FRESH MARKET - PRICE RECEIVED"," MEASURED IN $ / CWT",NA,"TOTAL","NOT SPECIFIED","0"
"382",2016,"MARKETING YEAR","OTHER STATES",NA,NA," PROCESSING - PRICE RECEIVED"," MEASURED IN $ / CWT",NA,"TOTAL","NOT SPECIFIED","0"
"383",2016,"MARKETING YEAR","WASHINGTON",53,"PRICE RECEIVED"," MEASURED IN $ / CWT",NA,NA,"TOTAL","NOT SPECIFIED","116"
"384",2016,"MARKETING YEAR","WASHINGTON",53,NA," FRESH MARKET - PRICE RECEIVED"," MEASURED IN $ / CWT",NA,"TOTAL","NOT SPECIFIED","205"
"385",2016,"MARKETING YEAR","WASHINGTON",53,NA," PROCESSING - PRICE RECEIVED"," MEASURED IN $ / CWT",NA,"TOTAL","NOT SPECIFIED","88"
"386",2016,"YEAR","CALIFORNIA",6,"PRODUCTION"," MEASURED IN $",NA,NA,"TOTAL","NOT SPECIFIED","2,849,626,000"
"387",2016,"YEAR","CALIFORNIA",6,"PRODUCTION"," MEASURED IN CWT",NA,NA,"TOTAL","NOT SPECIFIED","27,122,000"
"388",2016,"YEAR","CALIFORNIA",6,NA," FRESH MARKET - PRODUCTION"," MEASURED IN $",NA,"TOTAL","NOT SPECIFIED","2,562,053,000"
"389",2016,"YEAR","CALIFORNIA",6,NA," FRESH MARKET"," UTILIZED - PRODUCTION"," MEASURED IN CWT","TOTAL","NOT SPECIFIED","20,829,700"
"390",2016,"YEAR","CALIFORNIA",6,NA," NOT SOLD - PRODUCTION"," MEASURED IN CWT",NA,"TOTAL","NOT SPECIFIED","27,100"
"391",2016,"YEAR","CALIFORNIA",6,NA," PROCESSING - PRODUCTION"," MEASURED IN $",NA,"TOTAL","NOT SPECIFIED","287,573,000"
"392",2016,"YEAR","CALIFORNIA",6,NA," PROCESSING - PRODUCTION"," MEASURED IN CWT",NA,"TOTAL","NOT SPECIFIED","6,075,000"
"393",2016,"YEAR","CALIFORNIA",6,NA," PROCESSING"," UTILIZED - PRODUCTION"," MEASURED IN CWT","TOTAL","NOT SPECIFIED","6,265,200"
"394",2016,"YEAR","CALIFORNIA",6,NA," UTILIZED - PRODUCTION"," MEASURED IN CWT",NA,"TOTAL","NOT SPECIFIED","27,094,900"
"395",2016,"YEAR","FLORIDA",12,"PRODUCTION"," MEASURED IN $",NA,NA,"TOTAL","NOT SPECIFIED","323,285,000"
"396",2016,"YEAR","FLORIDA",12,"PRODUCTION"," MEASURED IN CWT",NA,NA,"TOTAL","NOT SPECIFIED","1,947,500"
"397",2016,"YEAR","FLORIDA",12,NA," FRESH MARKET - PRODUCTION"," MEASURED IN $",NA,"TOTAL","NOT SPECIFIED","323,285,000"
"398",2016,"YEAR","FLORIDA",12,NA," FRESH MARKET"," UTILIZED - PRODUCTION"," MEASURED IN CWT","TOTAL","NOT SPECIFIED","1,947,500"
"399",2016,"YEAR","FLORIDA",12,NA," NOT SOLD - PRODUCTION"," MEASURED IN CWT",NA,"TOTAL","NOT SPECIFIED","0"
"400",2016,"YEAR","FLORIDA",12,NA," PROCESSING - PRODUCTION"," MEASURED IN $",NA,"TOTAL","NOT SPECIFIED","0"
"401",2016,"YEAR","FLORIDA",12,NA," PROCESSING"," UTILIZED - PRODUCTION"," MEASURED IN CWT","TOTAL","NOT SPECIFIED","0"
"402",2016,"YEAR","FLORIDA",12,NA," PROCESSING"," UTILIZED - PRODUCTION"," MEASURED IN TONS","TOTAL","NOT SPECIFIED","0"
"403",2016,"YEAR","FLORIDA",12,NA," UTILIZED - PRODUCTION"," MEASURED IN CWT",NA,"TOTAL","NOT SPECIFIED","1,947,500"
"404",2016,"YEAR","NEW YORK",36,"PRODUCTION"," MEASURED IN $",NA,NA,"TOTAL","NOT SPECIFIED","11,844,000"
"405",2016,"YEAR","NEW YORK",36,"PRODUCTION"," MEASURED IN CWT",NA,NA,"TOTAL","NOT SPECIFIED","50,400"
"406",2016,"YEAR","NEW YORK",36,NA," FRESH MARKET - PRODUCTION"," MEASURED IN $",NA,"TOTAL","NOT SPECIFIED","11,844,000"
"407",2016,"YEAR","NEW YORK",36,NA," FRESH MARKET"," UTILIZED - PRODUCTION"," MEASURED IN CWT","TOTAL","NOT SPECIFIED","50,400"
"408",2016,"YEAR","NEW YORK",36,NA," NOT SOLD - PRODUCTION"," MEASURED IN CWT",NA,"TOTAL","NOT SPECIFIED","0"
"409",2016,"YEAR","NEW YORK",36,NA," PROCESSING - PRODUCTION"," MEASURED IN $",NA,"TOTAL","NOT SPECIFIED","0"
"410",2016,"YEAR","NEW YORK",36,NA," PROCESSING"," UTILIZED - PRODUCTION"," MEASURED IN CWT","TOTAL","NOT SPECIFIED","0"
"411",2016,"YEAR","NEW YORK",36,NA," UTILIZED - PRODUCTION"," MEASURED IN CWT",NA,"TOTAL","NOT SPECIFIED","50,400"
"412",2016,"YEAR","NORTH CAROLINA",37,"PRODUCTION"," MEASURED IN $",NA,NA,"TOTAL","NOT SPECIFIED","24,684,000"
"413",2016,"YEAR","NORTH CAROLINA",37,"PRODUCTION"," MEASURED IN CWT",NA,NA,"TOTAL","NOT SPECIFIED","132,000"
"414",2016,"YEAR","NORTH CAROLINA",37,NA," FRESH MARKET - PRODUCTION"," MEASURED IN $",NA,"TOTAL","NOT SPECIFIED","24,684,000"
"415",2016,"YEAR","NORTH CAROLINA",37,NA," FRESH MARKET"," UTILIZED - PRODUCTION"," MEASURED IN CWT","TOTAL","NOT SPECIFIED","132,000"
"416",2016,"YEAR","NORTH CAROLINA",37,NA," NOT SOLD - PRODUCTION"," MEASURED IN CWT",NA,"TOTAL","NOT SPECIFIED","0"
"417",2016,"YEAR","NORTH CAROLINA",37,NA," PROCESSING - PRODUCTION"," MEASURED IN $",NA,"TOTAL","NOT SPECIFIED","0"
"418",2016,"YEAR","NORTH CAROLINA",37,NA," PROCESSING"," UTILIZED - PRODUCTION"," MEASURED IN CWT","TOTAL","NOT SPECIFIED","0"
"419",2016,"YEAR","NORTH CAROLINA",37,NA," UTILIZED - PRODUCTION"," MEASURED IN CWT",NA,"TOTAL","NOT SPECIFIED","132,000"
"420",2016,"YEAR","OREGON",41,"PRODUCTION"," MEASURED IN $",NA,NA,"TOTAL","NOT SPECIFIED","20,195,000"
"421",2016,"YEAR","OREGON",41,"PRODUCTION"," MEASURED IN CWT",NA,NA,"TOTAL","NOT SPECIFIED","232,800"
"422",2016,"YEAR","OREGON",41,NA," FRESH MARKET - PRODUCTION"," MEASURED IN $",NA,"TOTAL","NOT SPECIFIED","3,769,000"
"423",2016,"YEAR","OREGON",41,NA," FRESH MARKET"," UTILIZED - PRODUCTION"," MEASURED IN CWT","TOTAL","NOT SPECIFIED","34,900"
"424",2016,"YEAR","OREGON",41,NA," NOT SOLD - PRODUCTION"," MEASURED IN CWT",NA,"TOTAL","NOT SPECIFIED","0"
"425",2016,"YEAR","OREGON",41,NA," PROCESSING - PRODUCTION"," MEASURED IN $",NA,"TOTAL","NOT SPECIFIED","16,426,000"
"426",2016,"YEAR","OREGON",41,NA," PROCESSING - PRODUCTION"," MEASURED IN CWT",NA,"TOTAL","NOT SPECIFIED","79,000"
"427",2016,"YEAR","OREGON",41,NA," PROCESSING"," UTILIZED - PRODUCTION"," MEASURED IN CWT","TOTAL","NOT SPECIFIED","197,900"
"428",2016,"YEAR","OREGON",41,NA," UTILIZED - PRODUCTION"," MEASURED IN CWT",NA,"TOTAL","NOT SPECIFIED","232,800"
"429",2016,"YEAR","OTHER STATES",NA,"PRODUCTION"," MEASURED IN $",NA,NA,"TOTAL","NOT SPECIFIED","0"
"430",2016,"YEAR","OTHER STATES",NA,"PRODUCTION"," MEASURED IN CWT",NA,NA,"TOTAL","NOT SPECIFIED","0"
"431",2016,"YEAR","OTHER STATES",NA,NA," FRESH MARKET - PRODUCTION"," MEASURED IN $",NA,"TOTAL","NOT SPECIFIED","0"
"432",2016,"YEAR","OTHER STATES",NA,NA," FRESH MARKET"," UTILIZED - PRODUCTION"," MEASURED IN CWT","TOTAL","NOT SPECIFIED","0"
"433",2016,"YEAR","OTHER STATES",NA,NA," NOT SOLD - PRODUCTION"," MEASURED IN CWT",NA,"TOTAL","NOT SPECIFIED","0"
"434",2016,"YEAR","OTHER STATES",NA,NA," PROCESSING - PRODUCTION"," MEASURED IN $",NA,"TOTAL","NOT SPECIFIED","0"
"435",2016,"YEAR","OTHER STATES",NA,NA," PROCESSING"," UTILIZED - PRODUCTION"," MEASURED IN CWT","TOTAL","NOT SPECIFIED","0"
"436",2016,"YEAR","OTHER STATES",NA,NA," UTILIZED - PRODUCTION"," MEASURED IN CWT",NA,"TOTAL","NOT SPECIFIED","0"
"437",2016,"YEAR","WASHINGTON",53,"PRODUCTION"," MEASURED IN $",NA,NA,"TOTAL","NOT SPECIFIED","14,077,000"
"438",2016,"YEAR","WASHINGTON",53,"PRODUCTION"," MEASURED IN CWT",NA,NA,"TOTAL","NOT SPECIFIED","122,200"
"439",2016,"YEAR","WASHINGTON",53,NA," FRESH MARKET - PRODUCTION"," MEASURED IN $",NA,"TOTAL","NOT SPECIFIED","6,007,000"
"440",2016,"YEAR","WASHINGTON",53,NA," FRESH MARKET"," UTILIZED - PRODUCTION"," MEASURED IN CWT","TOTAL","NOT SPECIFIED","29,300"
"441",2016,"YEAR","WASHINGTON",53,NA," NOT SOLD - PRODUCTION"," MEASURED IN CWT",NA,"TOTAL","NOT SPECIFIED","1,200"
"442",2016,"YEAR","WASHINGTON",53,NA," PROCESSING - PRODUCTION"," MEASURED IN $",NA,"TOTAL","NOT SPECIFIED","8,070,000"
"443",2016,"YEAR","WASHINGTON",53,NA," PROCESSING - PRODUCTION"," MEASURED IN CWT",NA,"TOTAL","NOT SPECIFIED","61,000"
"444",2016,"YEAR","WASHINGTON",53,NA," PROCESSING"," UTILIZED - PRODUCTION"," MEASURED IN CWT","TOTAL","NOT SPECIFIED","91,700"
"445",2016,"YEAR","WASHINGTON",53,NA," UTILIZED - PRODUCTION"," MEASURED IN CWT",NA,"TOTAL","NOT SPECIFIED","121,000"
